city,venue,mapped_venue
,Adelaide Oval,"Adelaide Oval, Adelaide"
Adelaide,Adelaide Oval,"Adelaide Oval, Adelaide"
Liverpool,Aigburth,"Aigburth, Liverpool"
Al Amarat,Al Amerat Cricket Ground Oman Cricket (Ministry Turf 1),"Al Amerat Cricket Ground Oman Cricket, Al Amarat"
Al Amarat,Al Amerat Cricket Ground Oman Cricket (Ministry Turf 2),"Al Amerat Cricket Ground Oman Cricket, Al Amarat"
Christchurch,AMI Stadium,"AMI Stadium, Christchurch"
Port Moresby,Amini Park,"Amini Park, Port Moresby"
St Vincent,"Arnos Vale Ground, Kingstown","Arnos Vale Ground, Kingstown"
Delhi,Arun Jaitley Stadium,"Arun Jaitley Stadium, Delhi"
Delhi,"Arun Jaitley Stadium, Delhi","Arun Jaitley Stadium, Delhi"
,Arundel Castle Cricket Club Ground,Arundel Castle Cricket Club Ground
Launceston,Aurora Stadium,"Aurora Stadium, Launceston"
Launceston,"Aurora Stadium, Launceston","Aurora Stadium, Launceston"
Cuttack,Barabati Stadium,"Barabati Stadium, Cuttack"
Cuttack,"Barabati Stadium, Cuttack","Barabati Stadium, Cuttack"
Guwahati,Barsapara Cricket Stadium,"Barsapara Cricket Stadium, Guwahati"
Guwahati,"Barsapara Cricket Stadium, Guwahati","Barsapara Cricket Stadium, Guwahati"
Wellington,Basin Reserve,"Basin Reserve, Wellington"
Wellington,"Basin Reserve, Wellington","Basin Reserve, Wellington"
Mount Maunganui,Bay Oval,"Bay Oval, Mount Maunganui"
Mount Maunganui,"Bay Oval, Mount Maunganui","Bay Oval, Mount Maunganui"
Krefeld,Bayer Uerdingen Cricket Ground,"Bayer Uerdingen Cricket Ground, Krefeld"
St Lucia,"Beausejour Stadium, Gros Islet","Beausejour Stadium, Gros Islet, St Lucia"
Hobart,Bellerive Oval,"Bellerive Oval, Hobart"
Hobart,"Bellerive Oval, Hobart","Bellerive Oval, Hobart"
Hamilton,Bermuda National Stadium,"Bermuda National Stadium, Hamilton"
Lucknow,Bharat Ratna Shri Atal Bihari Vajpayee Ekana Cricket Stadium,"Bharat Ratna Shri Atal Bihari Vajpayee Ekana Cricket Stadium, Lucknow"
Lucknow,"Bharat Ratna Shri Atal Bihari Vajpayee Ekana Cricket Stadium, Lucknow","Bharat Ratna Shri Atal Bihari Vajpayee Ekana Cricket Stadium, Lucknow"
Paarl,Boland Park,"Boland Park, Paarl"
Paarl,"Boland Park, Paarl","Boland Park, Paarl"
Mumbai,Brabourne Stadium,"Brabourne Stadium, Mumbai"
Mumbai,"Brabourne Stadium, Mumbai","Brabourne Stadium, Mumbai"
Derry,Bready,"Bready Cricket Club, Magheramason, Londonderry"
Londonderry,"Bready Cricket Club, Magheramason","Bready Cricket Club, Magheramason, Londonderry"
Bready,"Bready Cricket Club, Magheramason","Bready Cricket Club, Magheramason, Londonderry"
Bready,"Bready Cricket Club, Magheramason, Bready","Bready Cricket Club, Magheramason, Londonderry"
Trinidad,"Brian Lara Stadium, Tarouba","Brian Lara Stadium, Tarouba, Trinidad"
Tarouba,"Brian Lara Stadium, Tarouba, Trinidad","Brian Lara Stadium, Tarouba, Trinidad"
Brisbane,Brisbane Cricket Ground,"Brisbane Cricket Ground, Brisbane"
Brisbane,"Brisbane Cricket Ground, Woolloongabba","Brisbane Cricket Ground, Brisbane"
Brisbane,"Brisbane Cricket Ground, Woolloongabba, Brisbane","Brisbane Cricket Ground, Brisbane"
East London,Buffalo Park,"Buffalo Park, East London"
East London,"Buffalo Park, East London","Buffalo Park, East London"
Bulawayo,Bulawayo Athletic Club,"Bulawayo Athletic Club, Bulawayo"
,Carrara Oval,"Carrara Oval, Carrara"
Carrara,Carrara Oval,"Carrara Oval, Carrara"
Dublin,"Castle Avenue, Dublin","Castle Avenue, Dublin"
Colchester,Castle Park Cricket Ground,"Castle Park Cricket Ground, Colchester"
Lauderhill,Central Broward Regional Park Stadium Turf Ground,"Central Broward Regional Park Stadium Turf Ground, Lauderhill"
Lauderhill,"Central Broward Regional Park Stadium Turf Ground, Lauderhill","Central Broward Regional Park Stadium Turf Ground, Lauderhill"
Bloemfontein,"Chevrolet Park, Bloemfontein","Chevrolet Park, Bloemfontein"
Pietermaritzburg,"City Oval, Pietermaritzburg","City Oval, Pietermaritzburg"
Belfast,"Civil Service Cricket Club, Stormont","Civil Service Cricket Club, Stormont, Belfast"
Belfast,"Civil Service Cricket Club, Stormont, Belfast","Civil Service Cricket Club, Stormont, Belfast"
Dublin,Clontarf Cricket Club Ground,"Clontarf Cricket Club Ground, Dublin"
Whangarei,"Cobham Oval (New), Whangarei","Cobham Oval (New), Whangarei"
St Peter Port,College Field,"College Field, St Peter Port"
St Peter Port,"College Field, St Peter Port","College Field, St Peter Port"
Cheltenham,College Ground,"College Ground, Cheltenham"
Cheltenham,"College Ground, Cheltenham","College Ground, Cheltenham"
Coolidge,"Coolidge Cricket Ground, Antigua","Coolidge Cricket Ground, Antigua"
Bristol,County Ground,"County Ground, Bristol"
Taunton,County Ground,"County Ground, Taunton"
Northampton,County Ground,"County Ground, Northampton"
Derby,County Ground,"County Ground, Derby"
Chelmsford,County Ground,"County Ground, Chelmsford"
Hove,County Ground,"County Ground, Hove"
Bristol,"County Ground, Bristol","County Ground, Bristol"
Chelmsford,"County Ground, Chelmsford","County Ground, Chelmsford"
Derby,"County Ground, Derby","County Ground, Derby"
Brighton,"County Ground, Hove","County Ground, Hove"
Worcester,"County Ground, New Road","County Ground, New Road, Worcester"
Worcester,"County Ground, New Road, Worcester","County Ground, New Road, Worcester"
Northampton,"County Ground, Northampton","County Ground, Northampton"
St Lucia,"Daren Sammy National Cricket Stadium, Gros Islet","Darren Sammy National Cricket Stadium, St Lucia, Gros Islet"
Gros Islet,"Daren Sammy National Cricket Stadium, Gros Islet, St Lucia","Darren Sammy National Cricket Stadium, St Lucia, Gros Islet"
Gros Islet,"Darren Sammy National Cricket Stadium, St Lucia","Darren Sammy National Cricket Stadium, St Lucia, Gros Islet"
Kimberley,De Beers Diamond Oval,"De Beers Diamond Oval, Kimberley"
Kimberley,"De Beers Diamond Oval, Kimberley","De Beers Diamond Oval, Kimberley"
Almeria,Desert Springs Cricket Ground,"Desert Springs Cricket Ground, Almeria"
Almeria,"Desert Springs Cricket Ground, Almeria","Desert Springs Cricket Ground, Almeria"
Kimberley,"Diamond Oval, Kimberley","Diamond Oval, Kimberley, Kimberley"
Melbourne,Docklands Stadium,"Docklands Stadium, Melbourne"
Melbourne,"Docklands Stadium, Melbourne","Docklands Stadium, Melbourne"
Mumbai,Dr DY Patil Sports Academy,"Dr DY Patil Sports Academy, Mumbai"
Navi Mumbai,"Dr DY Patil Sports Academy, Mumbai","Dr DY Patil Sports Academy, Mumbai"
Mumbai,"Dr DY Patil Sports Academy, Mumbai","Dr DY Patil Sports Academy, Mumbai"
Visakhapatnam,Dr. Y.S. Rajasekhara Reddy ACA-VDCA Cricket Stadium,"Dr. Y.S. Rajasekhara Reddy ACA-VDCA Cricket Stadium, Visakhapatnam"
Visakhapatnam,"Dr. Y.S. Rajasekhara Reddy ACA-VDCA Cricket Stadium, Visakhapatnam","Dr. Y.S. Rajasekhara Reddy ACA-VDCA Cricket Stadium, Visakhapatnam"
Dubai,Dubai International Cricket Stadium,"Dubai International Cricket Stadium, Dubai"
,Dubai International Cricket Stadium,"Dubai International Cricket Stadium, Dubai"
Kolkata,Eden Gardens,"Eden Gardens, Kolkata"
Kolkata,"Eden Gardens, Kolkata","Eden Gardens, Kolkata"
Auckland,Eden Park,"Eden Park, Auckland"
Auckland,Eden Park Outer Oval,"Eden Park Outer Oval, Auckland"
Auckland,"Eden Park Outer Oval, Auckland","Eden Park Outer Oval, Auckland"
Auckland,"Eden Park, Auckland","Eden Park, Auckland"
Birmingham,Edgbaston,"Edgbaston, Birmingham"
Birmingham,"Edgbaston, Birmingham","Edgbaston, Birmingham"
Entebbe,Entebbe Cricket Oval,"Entebbe Cricket Oval, Entebbe"
Delhi,Feroz Shah Kotla,"Feroz Shah Kotla, Delhi"
Palmerston North,"Fitzherbert Park, Palmerston North","Fitzherbert Park, Palmerston North"
Lahore,Gaddafi Stadium,"Gaddafi Stadium, Lahore"
Lahore,"Gaddafi Stadium, Lahore","Gaddafi Stadium, Lahore"
Kigali City,Gahanga International Cricket Stadium. Rwanda,Gahanga International Cricket Stadium. Rwanda
Geelong,Geelong Cricket Ground,"Geelong Cricket Ground, Geelong"
Geelong,"GMHBA Stadium, South Geelong, Victoria","GMHBA Stadium, South Geelong, Victoria"
Leicester,Grace Road,"Grace Road, Leicester"
Leicester,"Grace Road, Leicester","Grace Road, Leicester"
Edinburgh,"Grange Cricket Club Ground, Raeburn Place","Grange Cricket Club, Raeburn Place, Edinburgh"
Edinburgh,"Grange Cricket Club Ground, Raeburn Place, Edinburgh","Grange Cricket Club, Raeburn Place, Edinburgh"
Edinburgh,"Grange Cricket Club, Raeburn Place","Grange Cricket Club, Raeburn Place, Edinburgh"
Greater Noida,Greater Noida Sports Complex Ground,"Greater Noida Sports Complex Ground, Greater Noida"
Kanpur,Green Park,"Green Park, Kanpur"
Thiruvananthapuram,Greenfield International Stadium,"Greenfield International Stadium, Thiruvananthapuram"
Thiruvananthapuram,"Greenfield International Stadium, Thiruvananthapuram","Greenfield International Stadium, Thiruvananthapuram"
Albergaria,Gucherre Cricket Ground,"Gucherre Cricket Ground, Albergaria"
Nairobi,Gymkhana Club Ground,"Gymkhana Club Ground, Nairobi"
Nairobi,"Gymkhana Club Ground, Nairobi","Gymkhana Club Ground, Nairobi"
Christchurch,Hagley Oval,"Hagley Oval, Christchurch"
Christchurch,"Hagley Oval, Christchurch","Hagley Oval, Christchurch"
Episkopi,Happy Valley Ground,"Happy Valley Ground, Episkopi"
,Harare Sports Club,"Harare Sports Club, Harare"
Harare,Harare Sports Club,"Harare Sports Club, Harare"
Rotterdam,Hazelaarweg,"Hazelaarweg, Rotterdam"
Leeds,Headingley,"Headingley, Leeds"
Leeds,"Headingley, Leeds","Headingley, Leeds"
Dharamsala,Himachal Pradesh Cricket Association Stadium,"Himachal Pradesh Cricket Association Stadium, Dharamsala"
Dharmasala,Himachal Pradesh Cricket Association Stadium,"Himachal Pradesh Cricket Association Stadium, Dharamsala"
Dharamsala,"Himachal Pradesh Cricket Association Stadium, Dharamsala","Himachal Pradesh Cricket Association Stadium, Dharamsala"
Indore,Holkar Cricket Stadium,"Holkar Cricket Stadium, Indore"
Indore,"Holkar Cricket Stadium, Indore","Holkar Cricket Stadium, Indore"
Dubai,ICC Academy,"ICC Academy, Dubai"
Dubai,ICC Academy Ground No 2,"ICC Academy, Dubai"
Dubai,"ICC Academy, Dubai","ICC Academy, Dubai"
Dubai,ICC Global Cricket Academy,"ICC Academy, Dubai"
Port Vila,"Independence Park, Port Vila","Independence Park, Port Vila, Port Vila"
Singapore,Indian Association Ground,"Indian Association Ground, Singapore"
Singapore,"Indian Association Ground, Singapore","Indian Association Ground, Singapore"
Kigali City,Integrated Polytechnic Regional Centre,"Integrated Polytechnic Regional Centre, Kigali City"
Coffs Harbour,International Sports Stadium,"International Sports Stadium, Coffs Harbour"
Coffs Harbour,"International Sports Stadium, Coffs Harbour","International Sports Stadium, Coffs Harbour"
Christchurch,Jade Stadium,"Jade Stadium, Christchurch"
Queenstown,"John Davies Oval, Queenstown","John Davies Oval, Queenstown, Queenstown"
Ranchi,JSCA International Stadium Complex,"JSCA International Stadium Complex, Ranchi"
Ranchi,"JSCA International Stadium Complex, Ranchi","JSCA International Stadium Complex, Ranchi"
Melbourne,"Junction Oval, Melbourne","Junction Oval, Melbourne, Melbourne"
London,Kennington Oval,"Kennington Oval, London"
London,"Kennington Oval, London","Kennington Oval, London"
Barbados,"Kensington Oval, Bridgetown","Kensington Oval, Bridgetown"
Bridgetown,"Kensington Oval, Bridgetown, Barbados","Kensington Oval, Bridgetown"
Beckenham,Kent County Cricket Ground,"Kent County Cricket Ground, Beckenham"
Kerava,Kerava National Cricket Ground,"Kerava National Cricket Ground, Kerava"
Fatullah,Khan Shaheb Osman Ali Stadium,"Khan Shaheb Osman Ali Stadium, Fatullah"
Castel,King George V Sports Ground,"King George V Sports Ground, Castel"
Durban,Kingsmead,"Kingsmead, Durban"
Durban,"Kingsmead, Durban","Kingsmead, Durban"
Kuala Lumpur,Kinrara Academy Oval,"Kinrara Academy Oval, Kuala Lumpur"
Kampala,Kyambogo Cricket Oval,"Kyambogo Cricket Oval, Kampala"
Murcia,La Manga Club Bottom Ground,"La Manga Club Bottom Ground, Murcia"
Belgrade,Lisicji Jarak Cricket Ground,"Lisicji Jarak Cricket Ground, Belgrade"
London,Lord's,"Lord's, London"
London,"Lord's, London","Lord's, London"
Kampala,Lugogo Cricket Oval,"Lugogo Cricket Oval, Kampala"
Bangalore,M Chinnaswamy Stadium,"M Chinnaswamy Stadium, Bangalore"
Bengaluru,"M Chinnaswamy Stadium, Bangalore","M Chinnaswamy Stadium, Bangalore"
Bengaluru,M.Chinnaswamy Stadium,"M Chinnaswamy Stadium, Bangalore"
Chattogram,"MA Aziz Stadium, Chittagong","MA Aziz Stadium, Chittagong, Chattogram"
Chennai,MA Chidambaram Stadium,"MA Chidambaram Stadium, Chennai"
Chennai,"MA Chidambaram Stadium, Chepauk","MA Chidambaram Stadium, Chennai"
Chennai,"MA Chidambaram Stadium, Chepauk, Chennai","MA Chidambaram Stadium, Chennai"
Pune,Maharashtra Cricket Association Stadium,"Maharashtra Cricket Association Stadium, Pune"
Pune,"Maharashtra Cricket Association Stadium, Pune","Maharashtra Cricket Association Stadium, Pune"
Hambantota,"Mahinda Rajapaksa International Cricket Stadium, Sooriyawewa","Mahinda Rajapaksa International Cricket Stadium, Sooriyawewa"
Hambantota,"Mahinda Rajapaksa International Cricket Stadium, Sooriyawewa, Hambantota","Mahinda Rajapaksa International Cricket Stadium, Sooriyawewa"
Rangiora,Mainpower Oval,"Mainpower Oval, Rangiora"
Bloemfontein,Mangaung Oval,"Mangaung Oval, Bloemfontein"
Bloemfontein,"Mangaung Oval, Bloemfontein","Mangaung Oval, Bloemfontein"
Canberra,Manuka Oval,"Manuka Oval, Canberra"
Canberra,"Manuka Oval, Canberra","Manuka Oval, Canberra"
King City,Maple Leaf North-West Ground,"Maple Leaf North-West Ground, King City"
Marsa,Marsa Sports Club,"Marsa Sports Club, Marsa"
Napier,McLean Park,"McLean Park, Napier"
Napier,"McLean Park, Napier","McLean Park, Napier"
Ghent,"Meersen, Gent","Meersen, Gent, Ghent"
,Melbourne Cricket Ground,"Melbourne Cricket Ground, Melbourne"
Melbourne,Melbourne Cricket Ground,"Melbourne Cricket Ground, Melbourne"
Northwood,Merchant Taylors' School Ground,"Merchant Taylors' School Ground, Northwood"
Hong Kong,"Mission Road Ground, Mong Kok","Mission Road Ground, Mong Kok, Hong Kong"
,Moara Vlasiei Cricket Ground,"Moara Vlasiei Cricket Ground, Ilfov County, Ilfov County"
Ilfov County,"Moara Vlasiei Cricket Ground, Ilfov County","Moara Vlasiei Cricket Ground, Ilfov County, Ilfov County"
Alexandra,Molyneux Park,"Molyneux Park, Alexandra"
,Mombasa Sports Club Ground,"Mombasa Sports Club Ground, "
Durban,Moses Mabhida Stadium,"Moses Mabhida Stadium, Durban"
Multan,Multan Cricket Stadium,"Multan Cricket Stadium, Multan"
Ahmedabad,Narendra Modi Stadium,"Narendra Modi Stadium, Ahmedabad"
Ahmedabad,"Narendra Modi Stadium, Ahmedabad","Narendra Modi Stadium, Ahmedabad"
St George's,"National Cricket Stadium, Grenada","National Cricket Stadium, Grenada, St George's"
Grenada,"National Cricket Stadium, St George's","National Cricket Stadium, Grenada, St George's"
St George's,"National Cricket Stadium, St George's, Grenada","National Cricket Stadium, Grenada, St George's"
Sofia,"National Sports Academy, Sofia","National Sports Academy, Sofia, Sofia"
Karachi,National Stadium,"National Stadium, Karachi"
Hamilton,National Stadium,"National Stadium, Hamilton"
Karachi,"National Stadium, Karachi","National Stadium, Karachi"
Kochi,Nehru Stadium,"Nehru Stadium, Kochi"
Tunbridge Wells,Nevill Ground,"Nevill Ground, Tunbridge Wells"
Johannesburg,New Wanderers Stadium,"New Wanderers Stadium, Johannesburg"
Johannesburg,"New Wanderers Stadium, Johannesburg","New Wanderers Stadium, Johannesburg"
Cape Town,Newlands,"Newlands, Cape Town"
Cape Town,"Newlands, Cape Town","Newlands, Cape Town"
Richmond,Old Deer Park,"Old Deer Park, Richmond"
Manchester,Old Trafford,"Old Trafford, Manchester"
Manchester,"Old Trafford, Manchester","Old Trafford, Manchester"
Bloemfontein,OUTsurance Oval,"OUTsurance Oval, Bloemfontein"
Colombo,P Sara Oval,"P Sara Oval, Colombo"
,Pallekele International Cricket Stadium,"Pallekele International Cricket Stadium, Kandy"
Kandy,Pallekele International Cricket Stadium,"Pallekele International Cricket Stadium, Kandy"
Perth,Perth Stadium,"Perth Stadium, Perth"
Walferdange,Pierre Werner Cricket Ground,"Pierre Werner Cricket Ground, Walferdange"
Guyana,Providence Stadium,"Providence Stadium, Guyana"
Providence,"Providence Stadium, Guyana","Providence Stadium, Guyana"
New Plymouth,Pukekura Park,"Pukekura Park, New Plymouth"
New Plymouth,"Pukekura Park, New Plymouth","Pukekura Park, New Plymouth"
Chandigarh,Punjab Cricket Association IS Bindra Stadium,"Punjab Cricket Association Stadium, Mohali, Chandigarh"
Chandigarh,"Punjab Cricket Association IS Bindra Stadium, Mohali","Punjab Cricket Association Stadium, Mohali, Chandigarh"
Chandigarh,"Punjab Cricket Association IS Bindra Stadium, Mohali, Chandigarh","Punjab Cricket Association Stadium, Mohali, Chandigarh"
Chandigarh,"Punjab Cricket Association Stadium, Mohali","Punjab Cricket Association Stadium, Mohali, Chandigarh"
Invercargill,Queen's Park,"Queen's Park, Invercargill"
Chesterfield,Queen's Park,"Queen's Park, Chesterfield"
Trinidad,"Queen's Park Oval, Port of Spain","Queen's Park Oval, Port of Spain, Trinidad"
Port of Spain,"Queen's Park Oval, Port of Spain, Trinidad","Queen's Park Oval, Port of Spain, Trinidad"
Chesterfield,"Queen's Park, Chesterfield","Queen's Park, Chesterfield"
Bulawayo,Queens Sports Club,"Queens Sports Club, Bulawayo"
Bulawayo,"Queens Sports Club, Bulawayo","Queens Sports Club, Bulawayo"
Colombo,R Premadasa Stadium,"R Premadasa Stadium, Colombo"
Colombo,"R Premadasa Stadium, Colombo","R Premadasa Stadium, Colombo"
Colombo,"R.Premadasa Stadium, Khettarama","R Premadasa Stadium, Colombo"
Radlett,Radlett Cricket Club,"Radlett Cricket Club, Radlett"
Radlett,"Radlett Cricket Club, Radlett","Radlett Cricket Club, Radlett"
Dehradun,Rajiv Gandhi International Cricket Stadium,"Rajiv Gandhi International Cricket Stadium, Dehradun"
Dehra Dun,"Rajiv Gandhi International Cricket Stadium, Dehradun","Rajiv Gandhi International Cricket Stadium, Dehradun"
Hyderabad,Rajiv Gandhi International Stadium,"Rajiv Gandhi International Stadium, Hyderabad"
Hyderabad,"Rajiv Gandhi International Stadium, Uppal","Rajiv Gandhi International Stadium, Hyderabad"
Hyderabad,"Rajiv Gandhi International Stadium, Uppal, Hyderabad","Rajiv Gandhi International Stadium, Hyderabad"
,Rawalpindi Cricket Stadium,"Rawalpindi Cricket Stadium, Rawalpindi"
Rawalpindi,Rawalpindi Cricket Stadium,"Rawalpindi Cricket Stadium, Rawalpindi"
Chester-le-Street,Riverside Ground,"Riverside Ground, Chester-le-Street"
Chester-le-Street,"Riverside Ground, Chester-le-Street","Riverside Ground, Chester-le-Street"
Waterloo,"Royal Brussels Cricket Club Ground, Waterloo","Royal Brussels Cricket Club Ground, Waterloo, Waterloo"
Jamaica,"Sabina Park, Kingston","Sabina Park, Kingston, Jamaica"
Kingston,"Sabina Park, Kingston, Jamaica","Sabina Park, Kingston, Jamaica"
Ahmedabad,"Sardar Patel Stadium, Motera","Sardar Patel Stadium, Motera, Ahmedabad"
Rajkot,Saurashtra Cricket Association Stadium,"Saurashtra Cricket Association Stadium, Rajkot"
Rajkot,"Saurashtra Cricket Association Stadium, Rajkot","Saurashtra Cricket Association Stadium, Rajkot"
Jaipur,Sawai Mansingh Stadium,"Sawai Mansingh Stadium, Jaipur"
Jaipur,"Sawai Mansingh Stadium, Jaipur","Sawai Mansingh Stadium, Jaipur"
Nelson,Saxton Oval,"Saxton Oval, Nelson"
Prague,"Scott Page Field, Vinor","Scott Page Field, Vinor, Prague"
Hamilton,Seddon Park,"Seddon Park, Hamilton"
Hamilton,"Seddon Park, Hamilton","Seddon Park, Hamilton"
Potchefstroom,Senwes Park,"Senwes Park, Potchefstroom"
Potchefstroom,"Senwes Park, Potchefstroom","Senwes Park, Potchefstroom"
Raipur,Shaheed Veer Narayan Singh International Stadium,"Shaheed Veer Narayan Singh International Stadium, Raipur"
,Sharjah Cricket Stadium,"Sharjah Cricket Stadium, Sharjah"
Sharjah,Sharjah Cricket Stadium,"Sharjah Cricket Stadium, Sharjah"
Khulna,Sheikh Abu Naser Stadium,"Sheikh Abu Naser Stadium, Khulna"
Khulna,"Sheikh Abu Naser Stadium, Khulna","Sheikh Abu Naser Stadium, Khulna"
Abu Dhabi,Sheikh Zayed Stadium,"Sheikh Zayed Stadium, Abu Dhabi"
Abu Dhabi,"Sheikh Zayed Stadium, Abu Dhabi","Sheikh Zayed Stadium, Abu Dhabi"
Mirpur,Shere Bangla National Stadium,"Shere Bangla National Stadium, Dhaka"
Dhaka,Shere Bangla National Stadium,"Shere Bangla National Stadium, Dhaka"
Dhaka,"Shere Bangla National Stadium, Mirpur","Shere Bangla National Stadium, Dhaka"
Victoria,"Simonds Stadium, South Geelong","Simonds Stadium, South Geelong, Victoria"
Geelong,"Simonds Stadium, South Geelong, Victoria","Simonds Stadium, South Geelong, Victoria"
Antigua,"Sir Vivian Richards Stadium, North Sound","Sir Vivian Richards Stadium, North Sound, Antigua"
North Sound,"Sir Vivian Richards Stadium, North Sound, Antigua","Sir Vivian Richards Stadium, North Sound, Antigua"
Wellington,Sky Stadium,"Sky Stadium, Wellington"
Cardiff,Sophia Gardens,"Sophia Gardens, Cardiff"
Cardiff,"Sophia Gardens, Cardiff","Sophia Gardens, Cardiff"
Deventer,Sportpark Het Schootsveld,"Sportpark Het Schootsveld, Deventer"
Utrecht,Sportpark Maarschalkerweerd,"Sportpark Maarschalkerweerd, Utrecht"
The Hague,Sportpark Westvliet,"Sportpark Westvliet, The Hague"
The Hague,"Sportpark Westvliet, The Hague","Sportpark Westvliet, The Hague"
Port Elizabeth,St George's Park,"St George's Park, Port Elizabeth"
Port Elizabeth,"St George's Park, Port Elizabeth","St George's Park, Port Elizabeth"
Canterbury,St Lawrence Ground,"St Lawrence Ground, Canterbury"
Canterbury,"St Lawrence Ground, Canterbury","St Lawrence Ground, Canterbury"
Sydney,Stadium Australia,"Stadium Australia, Sydney"
Blackpool,"Stanley Park, Blackpool","Stanley Park, Blackpool, Blackpool"
Pune,Subrata Roy Sahara Stadium,"Subrata Roy Sahara Stadium, Pune"
Centurion,SuperSport Park,"SuperSport Park, Centurion"
Centurion,"SuperSport Park, Centurion","SuperSport Park, Centurion"
Brondby,"Svanholm Park, Brondby","Svanholm Park, Brondby, Brondby"
,Sydney Cricket Ground,"Sydney Cricket Ground, Sydney"
Sydney,Sydney Cricket Ground,"Sydney Cricket Ground, Sydney"
,Sydney Showground Stadium,"Sydney Showground Stadium, Sydney"
Sydney,Sydney Showground Stadium,"Sydney Showground Stadium, Sydney"
Sylhet,Sylhet International Cricket Stadium,"Sylhet International Cricket Stadium, Sylhet"
,Sylhet International Cricket Stadium,"Sylhet International Cricket Stadium, Sylhet"
,Sylhet Stadium,"Sylhet International Cricket Stadium, Sylhet"
Moe,Ted Summerton Reserve,"Ted Summerton Reserve, Moe"
Bangkok,Terdthai Cricket Ground,"Terdthai Cricket Ground, Bangkok"
Taunton,The Cooper Associates County Ground,"The Cooper Associates County Ground, Taunton"
Taunton,"The Cooper Associates County Ground, Taunton","The Cooper Associates County Ground, Taunton"
Beckenham,The Kent County Cricket Ground,"The Kent County Cricket Ground, Beckenham"
Southampton,The Rose Bowl,"The Rose Bowl, Southampton"
Southampton,"The Rose Bowl, Southampton","The Rose Bowl, Southampton"
Dublin,"The Village, Malahide","The Village, Malahide, Dublin"
Dublin,"The Village, Malahide, Dublin","The Village, Malahide, Dublin"
Johannesburg,The Wanderers Stadium,"The Wanderers Stadium, Johannesburg"
Johannesburg,"The Wanderers Stadium, Johannesburg","The Wanderers Stadium, Johannesburg"
Vantaa,Tikkurila Cricket Ground,"Tikkurila Cricket Ground, Vantaa"
Abu Dhabi,Tolerance Oval,"Tolerance Oval, Abu Dhabi"
Townsville,Tony Ireland Stadium,"Tony Ireland Stadium, Townsville"
Alice Springs,Traeger Park,"Traeger Park, Alice Springs"
Nottingham,Trent Bridge,"Trent Bridge, Nottingham"
Nottingham,"Trent Bridge, Nottingham","Trent Bridge, Nottingham"
Kirtipur,Tribhuvan University International Cricket Ground,"Tribhuvan University International Cricket Ground, Kirtipur"
Kirtipur,"Tribhuvan University International Cricket Ground, Kirtipur","Tribhuvan University International Cricket Ground, Kirtipur"
Bangi,"UKM-YSD Cricket Oval, Bangi","UKM-YSD Cricket Oval, Bangi, Bangi"
Windhoek,United Cricket Club Ground,"United Cricket Club Ground, Windhoek"
Windhoek,"United Cricket Club Ground, Windhoek","United Cricket Club Ground, Windhoek"
Lagos,University of Lagos Cricket Oval,"University of Lagos Cricket Oval, Lagos"
Dunedin,University Oval,"University Oval, Dunedin"
Dunedin,"University Oval, Dunedin","University Oval, Dunedin"
,Uxbridge Cricket Club Ground,"Uxbridge Cricket Club Ground, Uxbridge"
Uxbridge,Uxbridge Cricket Club Ground,"Uxbridge Cricket Club Ground, Uxbridge"
Nagpur,"Vidarbha Cricket Association Stadium, Jamtha","Vidarbha Cricket Association Stadium, Jamtha, Nagpur"
Nagpur,"Vidarbha Cricket Association Stadium, Jamtha, Nagpur","Vidarbha Cricket Association Stadium, Jamtha, Nagpur"
Amstelveen,VRA Ground,"VRA Ground, Amstelveen"
Perth,W.A.C.A. Ground,"W.A.C.A. Ground, Perth"
Windhoek,Wanderers,"Wanderers Cricket Ground, Windhoek"
Windhoek,Wanderers Cricket Ground,"Wanderers Cricket Ground, Windhoek"
Windhoek,"Wanderers Cricket Ground, Windhoek","Wanderers Cricket Ground, Windhoek"
Mumbai,Wankhede Stadium,"Wankhede Stadium, Mumbai"
Mumbai,"Wankhede Stadium, Mumbai","Wankhede Stadium, Mumbai"
St Kitts,"Warner Park, Basseterre","Warner Park, Basseterre, St Kitts"
,"Warner Park, Basseterre","Warner Park, Basseterre, St Kitts"
Basseterre,"Warner Park, Basseterre, St Kitts","Warner Park, Basseterre, St Kitts"
Basseterre,"Warner Park, St Kitts","Warner Park, Basseterre, St Kitts"
Doha,"West End Park International Cricket Stadium, Doha","West End Park International Cricket Stadium, Doha, Doha"
Perth,Western Australia Cricket Association Ground,"Western Australia Cricket Association Ground, Perth"
Wellington,Westpac Stadium,"Westpac Stadium, Wellington"
Hamilton,"White Hill Field, Sandys Parish","White Hill Field, Sandys Parish, Hamilton"
Benoni,"Willowmoore Park, Benoni","Willowmoore Park, Benoni, Benoni"
Dominica,"Windsor Park, Roseau","Windsor Park, Roseau, Dominica"
Roseau,"Windsor Park, Roseau, Dominica","Windsor Park, Roseau, Dominica"
Chittagong,Zahur Ahmed Chowdhury Stadium,"Zahur Ahmed Chowdhury Stadium, Chittagong"
Chattogram,Zahur Ahmed Chowdhury Stadium,"Zahur Ahmed Chowdhury Stadium, Chittagong"
Chattogram,"Zahur Ahmed Chowdhury Stadium, Chattogram","Zahur Ahmed Chowdhury Stadium, Chittagong"
Chattogram,"Zahur Ahmed Chowdhury Stadium, Chittagong","Zahur Ahmed Chowdhury Stadium, Chittagong"
Abu Dhabi,"Zayed Cricket Stadium, Abu Dhabi","Zayed Cricket Stadium, Abu Dhabi, Abu Dhabi"